-- Очистка таблиц (опционально)
DELETE FROM appointment;
DELETE FROM master_services;
DELETE FROM master;
DELETE FROM salon_service;
DELETE FROM client;

-- Сброс автоинкремента (для H2)
ALTER TABLE salon_service ALTER COLUMN id RESTART WITH 1;
ALTER TABLE master ALTER COLUMN id RESTART WITH 1;
ALTER TABLE client ALTER COLUMN id RESTART WITH 1;
ALTER TABLE appointment ALTER COLUMN id RESTART WITH 1;

-- Услуги салона
INSERT INTO salon_service (id, name, description, price, duration, category) VALUES
(1, 'Стрижка женская', 'Модная стрижка с укладкой', 1500.00, 60, 'HAIR'),
(2, 'Мужская стрижка', 'Стрижка машинкой и ножницами', 800.00, 30, 'HAIR'),
(3, 'Окрашивание волос', 'Стойкое окрашивание премиум краской', 3000.00, 120, 'HAIR'),
(4, 'Мелирование', 'Частичное или полное мелирование', 2500.00, 90, 'HAIR'),
(5, 'Маникюр классический', 'Аппаратный маникюр с покрытием', 1200.00, 90, 'NAILS'),
(6, 'Маникюр с дизайном', 'Маникюр с художественным дизайном', 1800.00, 120, 'NAILS'),
(7, 'Педикюр', 'Комплексный уход за стопами', 1500.00, 60, 'NAILS'),
(8, 'Наращивание ресниц', 'Объемное наращивание ресниц', 2000.00, 90, 'EYES'),
(9, 'Макияж дневной', 'Естественный дневной макияж', 1500.00, 60, 'MAKEUP'),
(10, 'Макияж вечерний', 'Вечерний макияж для особых случаев', 2500.00, 90, 'MAKEUP');

-- Мастера
INSERT INTO master (id, first_name, last_name, specialization, phone, email, photo_url, description) VALUES
(1, 'Анна', 'Иванова', 'Парикмахер', '+7-999-123-45-67', 'anna@salon.ru', '/images/anna.jpg', 'Опыт работы 5 лет. Специализация: окрашивание, сложные стрижки'),
(2, 'Мария', 'Петрова', 'Мастер ногтевого сервиса', '+7-999-123-45-68', 'maria@salon.ru', '/images/maria.jpg', 'Ведущий мастер маникюра. Работает с премиальными материалами'),
(3, 'Елена', 'Сидорова', 'Визажист', '+7-999-123-45-69', 'elena@salon.ru', '/images/elena.jpg', 'Профессиональный визажист. Создает образы для фотосессий и мероприятий'),
(4, 'Иван', 'Кузнецов', 'Барбер', '+7-999-123-45-70', 'ivan@salon.ru', '/images/ivan.jpg', 'Специалист по мужским стрижкам и бритью'),
(5, 'Ольга', 'Смирнова', 'Лэшмейкер', '+7-999-123-45-71', 'olga@salon.ru', '/images/olga.jpg', 'Мастер по наращиванию ресниц. Использует гипоаллергенные материалы');

-- Связи мастеров и услуг
INSERT INTO master_services (master_id, service_id) VALUES
-- Анна (парикмахер)
(1, 1), (1, 3), (1, 4),
-- Мария (ногтевой сервис)
(2, 5), (2, 6), (2, 7),
-- Елена (визажист)
(3, 9), (3, 10),
-- Иван (барбер)
(4, 2),
-- Ольга (лэшмейкер)
(5, 8);

-- Клиенты
INSERT INTO client (id, first_name, last_name, email, phone, password, role) VALUES
(1, 'Ольга', 'Смирнова', 'olga@test.ru', '+7-999-111-11-11', '$2a$10$xyz123', 'CLIENT'),
(2, 'Дмитрий', 'Васильев', 'dmitry@test.ru', '+7-999-222-22-22', '$2a$10$xyz124', 'CLIENT'),
(3, 'Екатерина', 'Петрова', 'ekaterina@test.ru', '+7-999-333-33-33', '$2a$10$xyz125', 'CLIENT'),
(4, 'Александр', 'Иванов', 'alexander@test.ru', '+7-999-444-44-44', '$2a$10$xyz126', 'CLIENT');

-- Записи на услуги
INSERT INTO appointment (id, date_time, client_id, master_id, service_id, status, notes) VALUES
(1, '2024-01-15 14:00:00', 1, 1, 1, 'COMPLETED', 'Хочу каре до плеч'),
(2, '2024-01-20 16:00:00', 2, 4, 2, 'CONFIRMED', 'Под ноль с бородой'),
(3, '2024-01-25 11:00:00', 3, 2, 6, 'PENDING', 'Френч с стразами'),
(4, '2024-01-28 15:30:00', 4, 3, 10, 'PENDING', 'Макияж для выпускного'),
(5, '2024-02-01 13:00:00', 1, 5, 8, 'CONFIRMED', '2D объем, длина 12мм');